{"cameraMode":{"drawMode":0,"name":"Shaded","section":"Shading Mode"},"sceneLighting":true,"audioPlay":false,"sceneViewState":{"m_AlwaysRefresh":false,"showFog":true,"showSkybox":true,"showFlares":true,"showImageEffects":true,"showParticleSystems":true,"showVisualEffectGraphs":true,"m_FxEnabled":true},"in2DMode":false,"pivot":{"x":210.61880493164063,"y":26.08155632019043,"z":199.83921813964845},"rotation":{"x":-0.21138493716716767,"y":0.20267260074615479,"z":-0.04485562816262245,"w":-0.9551070332527161},"size":198.24302673339845,"orthographic":false}